contractor_name,company,roof_size,roof_type,city,state,project_date
Nicholas Shaw,Shaw Design Group,8331,Metal,Denver,Colorado,2024-03-15
Mark Klein,Klein Engineering,4452,Foam,Savannah,Georgia,2024-07-29
Christian Ingram,Ingram Maintenance,5668,Foam,Mesa,Arizona,2025-02-27
Mark Ruiz,Ruiz Projects,5790,EPDM,Macon,Georgia,2024-03-13
Brittany Norman,Norman Enterprises,922,Foam,Tempe,Arizona,2023-07-18
Marie Carter,Carter Projects,2870,PVC,Fort Worth,Texas,2024-02-10
Ryan Hodges,Hodges Industries,5201,EPDM,Rochester,New York,2023-09-05
Vanessa Boyd,Boyd Enterprises,6475,PVC,San Jose,California,2024-03-30
Stephanie Massey,Massey Roofing,6334,TPO,Tempe,Arizona,2024-09-19
Laura Andrews,Andrews Works,2261,PVC,Scottsdale,Arizona,2025-02-01
Michelle Clark,Clark Maintenance,2665,Metal,St. Petersburg,Florida,2024-04-09
Steven Robinson,Robinson Roofing,894,EPDM,Tacoma,Washington,2024-02-16
Donald Thomas,Thomas Partners,8981,EPDM,Albany,New York,2024-02-05
Paul Dixon,Dixon Infrastructure,5185,TPO,San Antonio,Texas,2024-12-01
Gregory Ayala,Ayala Partners,9771,Built-up,Colorado Springs,Colorado,2023-11-17
Sean Gross,Gross Roofing,1393,TPO,San Jose,California,2024-11-24
Donald Moore,Moore Projects,5047,Built-up,Tucson,Arizona,2023-06-19
Marcus Moreno,Moreno Engineering,5648,Foam,Springfield,Illinois,2023-12-27
Ashley Palmer,Palmer Innovations,7280,Foam,St. Petersburg,Florida,2025-01-07
Elizabeth Vang,Vang Maintenance,7604,Built-up,Chicago,Illinois,2025-01-28
Stephanie Rosales,Rosales Restoration,6561,Modified Bitumen,Macon,Georgia,2023-09-05
Jenny Thomas,Thomas Construction,6400,Metal,Tucson,Arizona,2024-04-09
Kenneth Patterson,Patterson Maintenance,2960,Modified Bitumen,Bellevue,Washington,2024-05-31
Laura Wilson,Wilson Solutions,8345,Foam,San Jose,California,2024-07-31
Edward Villarreal,Villarreal Construction,8020,Foam,Spokane,Washington,2024-03-18
Leah James,James Solutions,6357,TPO,Savannah,Georgia,2025-03-16
Laura Smith,Smith Co.,3051,Modified Bitumen,Austin,Texas,2023-05-10
James Mckenzie,Mckenzie Roof Tech,2989,EPDM,Bellevue,Washington,2024-01-10
Andrew Miller,Miller Associates,6386,Foam,Macon,Georgia,2024-10-10
James Allen,Allen Corp.,3977,TPO,Tacoma,Washington,2024-03-07
John Perry,Perry Roof Tech,1638,Modified Bitumen,Mesa,Arizona,2024-01-26
Lisa Brewer,Brewer Partners,8118,Foam,Miami,Florida,2023-04-30
Tina Moore,Moore Systems,3961,EPDM,Rochester,New York,2024-05-23
Timothy Hall,Hall Co.,7545,Foam,Las Vegas,Nevada,2024-11-07
David Winters,Winters Maintenance,4708,TPO,Chicago,Illinois,2024-08-29
Samuel Martin,Martin Roof Tech,9848,Metal,Fort Worth,Texas,2024-06-27
Bonnie Villa,Villa Holdings,1528,Metal,Springfield,Illinois,2025-01-09
Michele Khan,Khan Developers,3544,Foam,Tacoma,Washington,2023-11-17
Lisa Bradley,Bradley Contractors,4569,EPDM,Miami,Florida,2023-09-02
Shannon Page,Page Roofing,7809,Built-up,Reno,Nevada,2023-11-04
Johnathan Sosa,Sosa Maintenance,4269,TPO,Los Angeles,California,2024-06-13
Mindy Brooks,Brooks Works,4423,Foam,Sacramento,California,2025-02-15
Amanda Simmons,Simmons Engineering,4359,Foam,Albany,New York,2023-09-08
Jocelyn Stephens,Stephens Projects,8467,Foam,St. Petersburg,Florida,2025-03-11
Amanda King,King Enterprises,1954,Foam,Denver,Colorado,2025-03-29
Heather Willis,Willis Construction,1154,Built-up,St. Petersburg,Florida,2024-03-06
Bruce Pruitt,Pruitt Roof Tech,2361,EPDM,Chicago,Illinois,2023-09-16
Randall Lester,Lester Engineering,1737,EPDM,Bellevue,Washington,2024-07-31
Kathy Raymond,Raymond Solutions,3532,Metal,Henderson,Nevada,2024-06-28
Andrew Cunningham,Cunningham Roof Tech,4039,Built-up,Henderson,Nevada,2024-12-04
Deborah Acosta,Acosta Industries,4981,Metal,Seattle,Washington,2024-08-01
Isaiah Alexander,Alexander Builders,4171,TPO,Savannah,Georgia,2024-07-20
Samantha Johnson,Johnson Innovations,4244,Built-up,Boulder,Colorado,2023-10-05
Brianna Morris,Morris Engineering,4848,Built-up,Reno,Nevada,2023-06-09
Jared Miller,Miller Enterprises,5577,Metal,Denver,Colorado,2025-03-07
Kevin Martin,Martin Roofing,9336,PVC,Augusta,Georgia,2023-10-07
Christian Fry,Fry Builders,3749,EPDM,Henderson,Nevada,2025-01-28
Hannah Perez,Perez Enterprises,7019,Modified Bitumen,Dallas,Texas,2023-11-15
Anita Roman,Roman Engineering,8286,PVC,Macon,Georgia,2025-02-23
Riley Roberts,Roberts Group,2667,PVC,San Antonio,Texas,2024-07-20
Charles Johnson,Johnson Renovations,3180,Metal,Denver,Colorado,2023-10-25
Tina Taylor,Taylor Contractors,3021,EPDM,Atlanta,Georgia,2023-06-05
Eric Jones,Jones Partners,1729,Built-up,Denver,Colorado,2024-01-06
Anthony Walker,Walker Engineering,8943,Metal,Tacoma,Washington,2024-07-13
Kenneth White,White Co.,1785,Foam,Denver,Colorado,2023-11-19
Sarah Aguirre,Aguirre Partners,5508,Foam,Seattle,Washington,2023-07-31
Christopher Castillo,Castillo Restoration,7575,EPDM,Augusta,Georgia,2024-09-03
Denise Cuevas,Cuevas Associates,1088,PVC,Tucson,Arizona,2025-01-18
Julia Moore,Moore Associates,1086,Metal,Albany,New York,2024-03-24
Mark Kemp,Kemp Systems,8380,PVC,Houston,Texas,2023-10-14
Christina Phillips,Phillips Projects,4176,Built-up,St. Petersburg,Florida,2023-07-18
Jennifer Coleman,Coleman Industries,4813,PVC,St. Petersburg,Florida,2023-08-17
Tiffany Singh,Singh Enterprises,3294,EPDM,Seattle,Washington,2024-10-27
Samantha Higgins,Higgins Design Group,4723,Built-up,New York City,New York,2023-12-18
Jennifer Orr,Orr Systems,4558,Modified Bitumen,San Diego,California,2023-08-23
Michelle Hill,Hill Engineering,7735,Modified Bitumen,Bellevue,Washington,2023-05-07
Evelyn Turner,Turner Industries,6593,Modified Bitumen,Las Vegas,Nevada,2025-03-06
Robert Scott,Scott Group,6679,EPDM,Dallas,Texas,2025-03-31
Brian Hodges,Hodges Group,6834,PVC,Rochester,New York,2023-08-26
Joseph Knight,Knight Contractors,8431,Modified Bitumen,Augusta,Georgia,2024-06-19
Marissa Smith,Smith Construction,3980,Foam,Scottsdale,Arizona,2024-05-23
Timothy Duncan,Duncan Maintenance,8013,TPO,Tucson,Arizona,2025-02-10
Robert Williams,Williams Maintenance,6462,Metal,Denver,Colorado,2024-04-10
John Lyons,Lyons Systems,6491,Modified Bitumen,Phoenix,Arizona,2024-03-29
David Aguilar,Aguilar Associates,1709,TPO,Sacramento,California,2024-01-11
Melinda Coleman,Coleman Innovations,6766,EPDM,Dallas,Texas,2025-03-10
David Ashley,Ashley Systems,5348,PVC,St. Petersburg,Florida,2024-09-27
Thomas Jimenez,Jimenez Engineering,6374,Foam,Denver,Colorado,2024-07-17
Jenna Cruz,Cruz Infrastructure,5786,Built-up,Phoenix,Arizona,2024-10-27
Michael Wolf,Wolf Construction,4594,EPDM,Macon,Georgia,2024-03-21
Robert Price,Price Roof Tech,9126,Modified Bitumen,Spokane,Washington,2024-08-29
Aaron Garcia,Garcia Holdings,3102,Metal,Rochester,New York,2023-06-16
Carrie Taylor,Taylor Roofing,4256,Built-up,Phoenix,Arizona,2023-12-17
David Joseph,Joseph Group,9013,Foam,San Diego,California,2024-12-16
Cheryl Mathews,Mathews Projects,879,Foam,Boulder,Colorado,2024-06-03
Jessica Warren,Warren Construction,4867,Foam,Jacksonville,Florida,2025-02-20
Melissa Williams,Williams Infrastructure,5801,Built-up,Buffalo,New York,2024-02-14
Allison Hatfield,Hatfield Co.,6061,Foam,Reno,Nevada,2023-08-01
Leslie Bennett,Bennett Corp.,2348,EPDM,Las Vegas,Nevada,2025-03-05
John Martinez,Martinez Associates,2592,Metal,Rochester,New York,2024-12-15
Laurie Scott,Scott Construction,1273,Foam,Tucson,Arizona,2023-08-15
Stephanie Parks,Parks Restoration,844,TPO,Dallas,Texas,2024-01-04
Allison Nichols,Nichols Partners,1769,TPO,Las Vegas,Nevada,2023-08-25
Raymond Lyons,Lyons Roof Tech,2973,Built-up,Macon,Georgia,2025-02-11
Jean Johnson,Johnson Infrastructure,2072,Built-up,Las Vegas,Nevada,2024-12-05
Roberta Patel,Patel Holdings,5155,TPO,Denver,Colorado,2023-11-08
Michael Hoover,Hoover Restoration,1150,Built-up,Albany,New York,2025-04-01
Samuel Weaver,Weaver Industries,8413,Built-up,Las Vegas,Nevada,2023-06-30
Katherine Miller,Miller Partners,6441,Built-up,Naperville,Illinois,2024-08-11
Melvin Bennett,Bennett Infrastructure,1298,Built-up,Seattle,Washington,2023-12-13
Thomas Buckley,Buckley Projects,6015,TPO,San Antonio,Texas,2023-10-23
Aaron Watson,Watson Contractors,4545,Foam,Chicago,Illinois,2024-06-08
Amy Munoz,Munoz Contractors,7557,Built-up,Los Angeles,California,2023-06-11
Joseph Serrano,Serrano Industries,6602,EPDM,Atlanta,Georgia,2023-07-13
Henry Stephens,Stephens Corp.,4585,PVC,New York City,New York,2023-11-09
Jillian Anderson,Anderson Developers,3502,PVC,Colorado Springs,Colorado,2024-04-01
Keith Rice,Rice Renovations,8933,Built-up,Los Angeles,California,2024-06-21
Ryan Myers,Myers Holdings,3829,Built-up,Phoenix,Arizona,2023-12-16
Rebecca Thompson,Thompson Corp.,4587,EPDM,Rochester,New York,2024-09-09
Devin Wade,Wade Roofing,2424,TPO,Boulder,Colorado,2024-09-16
Patricia Bryant,Bryant Contractors,7388,Foam,Bellevue,Washington,2023-08-12
Nicholas Foster,Foster Engineering,2453,EPDM,Jacksonville,Florida,2025-03-09
Patrick Sanchez,Sanchez Construction,7663,Modified Bitumen,Atlanta,Georgia,2023-12-06
Carlos Cooper,Cooper Contractors,9546,Foam,Naperville,Illinois,2024-07-31
Joshua Waters,Waters Engineering,6431,PVC,New York City,New York,2025-04-13
Keith Cobb,Cobb Works,2154,EPDM,Boulder,Colorado,2024-03-21
Scott Marks,Marks Developers,8725,EPDM,Boulder,Colorado,2025-03-22
Douglas Goodman,Goodman Restoration,1901,Metal,Tempe,Arizona,2023-12-28
Robert Mills,Mills Construction,7222,Modified Bitumen,Colorado Springs,Colorado,2024-04-18
Christopher Alexander,Alexander Industries,1272,Metal,Buffalo,New York,2024-08-19
Denise Hernandez,Hernandez Systems,1512,TPO,Buffalo,New York,2023-10-30
Melody Johnson,Johnson Associates,7604,Modified Bitumen,Dallas,Texas,2023-04-30
Gregory Barker,Barker Solutions,4843,PVC,Bellevue,Washington,2023-06-13
Ana Williamson,Williamson Developers,6335,PVC,San Antonio,Texas,2024-08-11
Erin Brown,Brown Enterprises,7963,PVC,Rochester,New York,2024-12-27
Haley Evans,Evans Enterprises,3644,Built-up,Tacoma,Washington,2024-11-28
Paula Martin,Martin Solutions,9799,TPO,Colorado Springs,Colorado,2024-11-09
Jacob Andersen,Andersen Renovations,7096,Metal,Miami,Florida,2024-09-16
Martin Adams,Adams Roof Tech,6496,Modified Bitumen,Henderson,Nevada,2025-03-04
Kristy Perez,Perez Innovations,3895,Foam,Bellevue,Washington,2023-06-06
Christopher Christensen,Christensen Roofing,3044,PVC,Fort Worth,Texas,2024-10-04
Eileen Chandler,Chandler Renovations,4475,Metal,Fort Worth,Texas,2024-05-05
Steven Watson,Watson Group,2510,EPDM,Atlanta,Georgia,2023-05-03
Kyle Watson,Watson Systems,4344,Built-up,San Diego,California,2024-02-10
Cody Watson,Watson Engineering,1690,PVC,Scottsdale,Arizona,2024-01-13
Molly Keller,Keller Works,844,Foam,San Jose,California,2024-05-13
Ashley Jensen,Jensen Enterprises,5481,Modified Bitumen,Reno,Nevada,2024-03-14
Jimmy Ford,Ford Roofing,2772,Foam,Macon,Georgia,2025-03-10
Jane Bell,Bell Renovations,9468,TPO,San Diego,California,2024-05-03
Nancy Barnes,Barnes Holdings,8015,EPDM,Chicago,Illinois,2024-03-21
Christopher Nichols,Nichols Associates,9515,Metal,Savannah,Georgia,2023-06-24
Michael Taylor,Taylor Design Group,2563,Foam,New York City,New York,2023-11-13
Sara Nelson,Nelson Partners,9301,Modified Bitumen,St. Petersburg,Florida,2024-02-08
Michael Marshall,Marshall Industries,9721,Modified Bitumen,St. Petersburg,Florida,2023-06-13
Kayla Robinson,Robinson Engineering,5071,Foam,Naperville,Illinois,2023-09-25
Jacqueline Hill,Hill Associates,7163,EPDM,Savannah,Georgia,2024-08-13
Kevin Walters,Walters Solutions,6142,TPO,Augusta,Georgia,2024-07-21
Jennifer Robinson,Robinson Enterprises,3734,Modified Bitumen,Las Vegas,Nevada,2024-01-13
Michael Jackson,Jackson Projects,2311,Built-up,Boulder,Colorado,2024-09-17
Allison Walker,Walker Roofing,1954,EPDM,Rochester,New York,2024-06-02
Candice Simon,Simon Contractors,3162,TPO,Henderson,Nevada,2024-01-08
Cynthia Robinson,Robinson Industries,8599,Modified Bitumen,Naperville,Illinois,2025-01-13
Michelle Fowler,Fowler Innovations,4713,Built-up,Buffalo,New York,2025-03-04
Steven Williams,Williams Co.,2995,Metal,Naperville,Illinois,2024-07-18
Rebecca Kim,Kim Solutions,2750,Metal,Houston,Texas,2023-11-27
Daniel Gray,Gray Industries,7390,TPO,Tempe,Arizona,2025-02-18
Mark Farley,Farley Partners,2122,EPDM,Boulder,Colorado,2023-11-29
Ashley House,House Projects,7550,TPO,Tacoma,Washington,2025-03-18
Patrick Johnson,Johnson Renovations,8708,EPDM,Austin,Texas,2024-07-12
Brenda Chapman,Chapman Contractors,9016,Modified Bitumen,Houston,Texas,2024-07-15
Meagan Morrison,Morrison Works,2142,EPDM,Colorado Springs,Colorado,2024-04-25
Diane Young,Young Associates,5266,EPDM,Tampa,Florida,2023-08-09
Sheri Myers,Myers Projects,7395,TPO,Savannah,Georgia,2024-05-03
Grant Porter,Porter Construction,9224,PVC,Denver,Colorado,2024-06-10
Jonathan Fitzgerald,Fitzgerald Partners,5670,EPDM,Houston,Texas,2023-07-23
Michelle Roberts,Roberts Partners,2724,Foam,Springfield,Illinois,2024-11-08
Debra Collier,Collier Builders,6537,Foam,Colorado Springs,Colorado,2024-04-03
Laura Hall,Hall Works,4305,PVC,Spokane,Washington,2023-09-18
Paul Johnson,Johnson Holdings,1032,Modified Bitumen,Colorado Springs,Colorado,2024-02-21
Chelsea Allen,Allen Design Group,7357,Foam,St. Petersburg,Florida,2023-08-08
Melissa Hudson,Hudson Design Group,4662,EPDM,Albany,New York,2025-03-11
John Garcia,Garcia Corp.,8586,Modified Bitumen,Mesa,Arizona,2024-07-28
Robert Brooks,Brooks Maintenance,2924,PVC,Miami,Florida,2023-05-25
Nicholas Zimmerman,Zimmerman Restoration,1158,TPO,Henderson,Nevada,2025-02-21
Virginia Bender,Bender Roofing,5422,Metal,Orlando,Florida,2024-02-13
Chelsea Gould,Gould Maintenance,4935,Built-up,Las Vegas,Nevada,2023-06-12
Debbie Graham,Graham Enterprises,3507,Foam,Denver,Colorado,2023-10-06
Dan Thomas,Thomas Developers,1672,EPDM,San Jose,California,2023-08-25
Ashlee Frost,Frost Associates,9214,EPDM,Reno,Nevada,2024-05-28
Alyssa Meyer,Meyer Group,6547,Metal,Houston,Texas,2023-09-17
Jason Miller,Miller Engineering,5684,Built-up,Jacksonville,Florida,2024-06-25
Richard Pope,Pope Enterprises,8034,EPDM,Tucson,Arizona,2024-11-18
Taylor Petersen,Petersen Projects,6321,EPDM,Savannah,Georgia,2024-09-11
Kim Morris,Morris Partners,7505,PVC,Los Angeles,California,2023-10-31
William Patterson,Patterson Associates,6664,PVC,Atlanta,Georgia,2023-06-16
Ariana Washington,Washington Projects,7860,TPO,Fresno,California,2024-08-14
Denise Glover,Glover Partners,4140,PVC,San Diego,California,2024-04-17
Wesley Ortega,Ortega Solutions,6260,TPO,Macon,Georgia,2024-02-20
Teresa Wright,Wright Projects,2218,TPO,Buffalo,New York,2024-03-08
Chris Friedman,Friedman Works,8960,EPDM,Colorado Springs,Colorado,2024-08-09
James Scott,Scott Enterprises,2550,Modified Bitumen,Las Vegas,Nevada,2024-07-11
Jeremy Kelley,Kelley Infrastructure,5937,EPDM,Tampa,Florida,2024-02-10
Rachel Cantu,Cantu Group,4908,Metal,Henderson,Nevada,2025-02-07
Laura Warren,Warren Construction,2475,TPO,Spokane,Washington,2023-11-10
Sean Avery,Avery Associates,9754,Modified Bitumen,Las Vegas,Nevada,2024-02-24
Alice Long,Long Partners,1703,EPDM,Savannah,Georgia,2024-06-11
Carolyn Ford,Ford Holdings,3945,Foam,Fort Worth,Texas,2025-03-18
Duane Hull,Hull Group,2329,TPO,Fresno,California,2023-06-11
Ethan Sanders,Sanders Roofing,6988,Foam,San Antonio,Texas,2024-02-21
Danielle Moore,Moore Engineering,8089,PVC,Mesa,Arizona,2023-04-17
Richard Villegas,Villegas Works,3007,TPO,Savannah,Georgia,2024-03-22
Ryan Medina,Medina Construction,6279,Modified Bitumen,Seattle,Washington,2025-01-02
Angelica Ferguson,Ferguson Restoration,9527,Modified Bitumen,Tempe,Arizona,2025-01-06
Cameron Henry,Henry Innovations,4965,Foam,Colorado Springs,Colorado,2024-11-03
Stephen Wong,Wong Builders,1586,Modified Bitumen,Henderson,Nevada,2024-02-14
Matthew Lucas,Lucas Group,2892,PVC,Los Angeles,California,2024-07-17
Christopher Mercado,Mercado Holdings,9999,Built-up,Augusta,Georgia,2023-06-29
Janet Carroll,Carroll Design Group,7115,Modified Bitumen,Miami,Florida,2024-10-24
Richard Goodwin,Goodwin Roofing,1759,Modified Bitumen,Naperville,Illinois,2023-06-23
Mary Brown,Brown Contractors,1100,EPDM,Naperville,Illinois,2024-11-13
Sean Liu,Liu Contractors,9281,Metal,Mesa,Arizona,2024-09-19
Joe Sutton,Sutton Co.,5833,TPO,San Diego,California,2024-04-18
Deborah Collins,Collins Contractors,4751,TPO,Henderson,Nevada,2024-10-31
Melissa Young,Young Roofing,4812,Foam,Tacoma,Washington,2024-07-13
Natalie Williams,Williams Roofing,1808,Modified Bitumen,Rochester,New York,2024-06-10
Lisa Perez,Perez Co.,9967,Modified Bitumen,Spokane,Washington,2023-08-27
Ellen Gregory,Gregory Co.,1641,TPO,Phoenix,Arizona,2025-04-09
Teresa Ray,Ray Corp.,2698,Modified Bitumen,Albany,New York,2024-04-27
Gary Johnson,Johnson Renovations,4925,Built-up,Bellevue,Washington,2024-07-31
Ryan Johnson,Johnson Infrastructure,3404,Modified Bitumen,Augusta,Georgia,2025-03-07
Tammy Peters,Peters Projects,2230,Foam,Denver,Colorado,2024-04-09
Nancy Miller,Miller Contractors,4087,TPO,Seattle,Washington,2024-10-26
David Hernandez,Hernandez Projects,3452,Modified Bitumen,Denver,Colorado,2024-05-31
Eric Grant,Grant Infrastructure,2246,Foam,Tacoma,Washington,2024-03-08
David Webb,Webb Restoration,2755,PVC,Tempe,Arizona,2024-11-25
David Gray,Gray Partners,1380,Modified Bitumen,Tucson,Arizona,2023-08-29
Martin Martinez,Martinez Engineering,1882,Metal,New York City,New York,2024-03-07
Stephanie Blair,Blair Partners,5065,PVC,Tacoma,Washington,2024-02-22
Gregory Garcia,Garcia Restoration,5587,Built-up,Fresno,California,2023-11-23
Mary Perry,Perry Design Group,6653,PVC,Naperville,Illinois,2024-01-11
Lisa Martinez,Martinez Infrastructure,5084,Foam,Spokane,Washington,2024-05-26
Michelle Gomez,Gomez Industries,1270,Modified Bitumen,Tucson,Arizona,2024-06-05
Richard Baker,Baker Engineering,3810,EPDM,Mesa,Arizona,2025-02-22
Shane Graves,Graves Systems,868,Foam,Jacksonville,Florida,2023-12-12
Ruth Anderson,Anderson Maintenance,6567,Built-up,San Jose,California,2024-12-16
Jennifer Salazar,Salazar Design Group,8555,Modified Bitumen,Las Vegas,Nevada,2024-09-08
Teresa Huff,Huff Builders,9937,Modified Bitumen,Sacramento,California,2025-02-01
Eddie Jones,Jones Solutions,8037,TPO,Albany,New York,2023-11-17
Amy Long,Long Construction,9841,PVC,Buffalo,New York,2023-04-27
Mark Davis,Davis Holdings,3972,PVC,Naperville,Illinois,2025-01-08
Elizabeth Hess,Hess Holdings,7703,Foam,Chicago,Illinois,2024-07-30
Eric Blackwell,Blackwell Associates,3930,Metal,Macon,Georgia,2023-09-09
Edward Gardner,Gardner Solutions,7098,Modified Bitumen,Spokane,Washington,2024-10-18
Kathleen Kim,Kim Construction,2868,EPDM,Macon,Georgia,2023-11-12
Matthew Collins,Collins Contractors,5045,Modified Bitumen,Henderson,Nevada,2024-10-07
Robert Hernandez,Hernandez Construction,5609,PVC,Buffalo,New York,2024-03-11
Christopher Estrada,Estrada Construction,8548,Built-up,Macon,Georgia,2024-12-24
Tammy Brown,Brown Renovations,9056,Modified Bitumen,San Antonio,Texas,2025-03-19
Jason Wilson,Wilson Design Group,9221,TPO,Colorado Springs,Colorado,2024-06-28
Brad Guerrero,Guerrero Systems,7731,TPO,Miami,Florida,2024-06-15
Katherine Montoya,Montoya Maintenance,4148,Foam,Jacksonville,Florida,2023-12-12
Joshua Wright,Wright Partners,3501,PVC,Mesa,Arizona,2023-05-07
James Drake,Drake Contractors,2805,PVC,Spokane,Washington,2024-03-02
Nathaniel Morales,Morales Partners,7400,Metal,Colorado Springs,Colorado,2025-03-26
Linda Banks,Banks Maintenance,4849,EPDM,Savannah,Georgia,2023-05-21
Benjamin Cooper,Cooper Industries,5750,Metal,Denver,Colorado,2023-06-28
Bradley Anderson,Anderson Corp.,9697,EPDM,Tempe,Arizona,2024-08-16
Tanya Baker,Baker Roofing,8634,Metal,Houston,Texas,2024-06-27
Jacqueline Miller,Miller Renovations,2230,Modified Bitumen,Naperville,Illinois,2024-01-29
Henry Myers,Myers Group,1974,Built-up,Tampa,Florida,2024-07-19
Lisa Fitzpatrick,Fitzpatrick Design Group,6943,Metal,Jacksonville,Florida,2023-12-25
Joshua Roberson,Roberson Projects,2862,Foam,Springfield,Illinois,2024-02-28
Edward Smith,Smith Associates,7461,EPDM,Savannah,Georgia,2025-01-12
David Rodriguez,Rodriguez Design Group,7868,Modified Bitumen,Springfield,Illinois,2024-10-15
Ryan Lane,Lane Design Group,6462,TPO,Springfield,Illinois,2024-02-28
Dana Snyder,Snyder Construction,4206,Built-up,Colorado Springs,Colorado,2024-12-16
Angela Brown,Brown Roofing,5600,EPDM,New York City,New York,2025-02-11
Patty Sloan,Sloan Corp.,7896,EPDM,Houston,Texas,2023-12-24
Patricia Roberts,Roberts Corp.,3341,Metal,Naperville,Illinois,2025-04-10
Terri Thomas,Thomas Works,1955,Foam,New York City,New York,2023-12-03
Jason Carrillo,Carrillo Solutions,9175,Modified Bitumen,Buffalo,New York,2023-06-09
Robert Rodriguez,Rodriguez Solutions,5168,EPDM,Reno,Nevada,2023-08-10
Courtney Roy,Roy Works,9228,PVC,Tucson,Arizona,2024-04-23
Kathryn George,George Partners,7501,Built-up,Miami,Florida,2024-09-19
Stephanie Morgan,Morgan Developers,8792,Foam,Tucson,Arizona,2024-08-09
Karen Harris,Harris Maintenance,1427,TPO,Naperville,Illinois,2024-03-13
Christine Rose,Rose Partners,9776,Metal,Chicago,Illinois,2023-07-08
Erik Dixon,Dixon Co.,8490,EPDM,Jacksonville,Florida,2024-07-04
Kimberly Hurst,Hurst Corp.,9935,Modified Bitumen,Tacoma,Washington,2025-02-20
Stephanie Rose,Rose Works,1926,Built-up,Reno,Nevada,2024-09-19
William Burns,Burns Design Group,7878,Modified Bitumen,Rochester,New York,2024-03-23
James Schneider,Schneider Associates,9894,Foam,Buffalo,New York,2023-08-27
Alyssa Walker,Walker Holdings,8400,Modified Bitumen,Henderson,Nevada,2024-03-29
Thomas Collins,Collins Corp.,908,Built-up,Chicago,Illinois,2023-09-04
Suzanne Powers,Powers Enterprises,3984,Built-up,Springfield,Illinois,2023-11-17
Natalie Meyers,Meyers Builders,4237,TPO,Seattle,Washington,2023-06-05
Karen Guzman,Guzman Systems,6369,EPDM,Chicago,Illinois,2024-04-05
Colton Nash,Nash Builders,1418,Built-up,San Diego,California,2025-01-14
Kimberly Ortiz,Ortiz Roof Tech,7012,PVC,Miami,Florida,2024-04-15
Mary Watts,Watts Innovations,9392,TPO,Savannah,Georgia,2023-06-25
Brittany Wheeler,Wheeler Renovations,8867,TPO,San Jose,California,2024-07-18
Aimee Davila,Davila Contractors,2448,TPO,Colorado Springs,Colorado,2023-09-01
Angela Lewis,Lewis Industries,7152,Foam,Augusta,Georgia,2024-04-28
Brandon Knox,Knox Projects,5066,EPDM,Reno,Nevada,2024-12-27
Shannon Rodriguez,Rodriguez Engineering,8455,Built-up,Rochester,New York,2024-05-25
Ashley Myers,Myers Industries,3969,TPO,Miami,Florida,2024-05-23
Nicholas Parker,Parker Systems,2165,Built-up,Austin,Texas,2025-01-28
Michelle Stone,Stone Renovations,6107,Modified Bitumen,Seattle,Washington,2024-06-01
Charles Lawrence,Lawrence Restoration,1873,Foam,San Diego,California,2024-10-25
Jessica Mitchell,Mitchell Roofing,3903,Metal,Scottsdale,Arizona,2023-11-29
Ricardo Nguyen,Nguyen Works,8302,EPDM,St. Petersburg,Florida,2023-08-13
Ashley Wilson,Wilson Innovations,1734,Built-up,Sacramento,California,2023-05-09
Michael Hill,Hill Solutions,7091,TPO,Denver,Colorado,2023-11-01
Harold Mcdonald,Mcdonald Maintenance,8880,Modified Bitumen,Colorado Springs,Colorado,2023-06-05
Michael Bauer,Bauer Restoration,3622,Modified Bitumen,Miami,Florida,2024-05-08
Mark Ferrell,Ferrell Construction,5581,Metal,Chicago,Illinois,2024-07-16
Frank Hines,Hines Systems,1047,Built-up,Spokane,Washington,2024-01-31
Keith Cook,Cook Innovations,3246,Foam,Rochester,New York,2025-01-15
Caroline Giles,Giles Developers,6937,PVC,San Antonio,Texas,2023-06-19
Michael Sherman,Sherman Construction,7212,Metal,San Diego,California,2024-03-08
Chelsea Matthews,Matthews Works,9795,PVC,Boulder,Colorado,2024-05-05
Courtney Morales,Morales Corp.,2783,TPO,New York City,New York,2023-09-06
Christopher Summers,Summers Associates,5630,TPO,Jacksonville,Florida,2024-06-18
Alisha Wagner,Wagner Associates,4147,TPO,Rochester,New York,2024-04-22
David Castillo,Castillo Industries,1130,Foam,Seattle,Washington,2024-06-06
Ruth Jones,Jones Works,6440,PVC,Orlando,Florida,2024-11-12
Kathy Riley,Riley Contractors,3928,Modified Bitumen,Houston,Texas,2023-10-25
Troy Banks,Banks Contractors,2666,Modified Bitumen,Macon,Georgia,2024-10-13
Shawn George,George Infrastructure,4968,Built-up,Atlanta,Georgia,2024-01-29
Brian Schroeder,Schroeder Co.,5422,Built-up,Bellevue,Washington,2023-12-16
Margaret Palmer,Palmer Solutions,4885,Foam,Las Vegas,Nevada,2024-02-23
Katherine Mason,Mason Engineering,5341,EPDM,Las Vegas,Nevada,2023-12-04
Jennifer Lara,Lara Systems,6144,Metal,Denver,Colorado,2024-09-23
Alyssa Gray,Gray Builders,6260,Built-up,Austin,Texas,2023-08-27
Lori Martinez,Martinez Maintenance,4252,TPO,San Antonio,Texas,2023-08-12
Frank Kim,Kim Works,7393,Metal,Orlando,Florida,2023-12-23
Anthony Odom,Odom Enterprises,991,Built-up,New York City,New York,2023-05-08
Bryan Thompson,Thompson Partners,3328,Modified Bitumen,Colorado Springs,Colorado,2024-07-04
Sarah Cooper,Cooper Industries,9147,TPO,Dallas,Texas,2023-12-17
Sarah Pugh,Pugh Co.,1263,Built-up,Bellevue,Washington,2024-10-01
Cathy Reid,Reid Engineering,6591,Metal,Albany,New York,2023-08-01
Scott Forbes,Forbes Renovations,8644,Built-up,Mesa,Arizona,2024-05-18
Jonathan Stone,Stone Industries,9893,TPO,Augusta,Georgia,2023-05-08
Donald Cooper,Cooper Co.,3299,Metal,Seattle,Washington,2024-09-01
Paige Fuller,Fuller Roofing,2923,TPO,Buffalo,New York,2025-01-06
Jason Sanchez,Sanchez Partners,5259,EPDM,Atlanta,Georgia,2024-10-17
Steven Howell,Howell Engineering,5634,EPDM,San Diego,California,2024-09-26
Joseph Collins,Collins Co.,5149,Built-up,Spokane,Washington,2023-10-14
Anthony Walker,Walker Associates,2901,Modified Bitumen,Boulder,Colorado,2024-03-26
John Perry,Perry Developers,4690,Built-up,Tacoma,Washington,2023-11-14
Amber Myers,Myers Enterprises,7732,PVC,San Jose,California,2023-09-09
Devon Tucker,Tucker Contractors,907,PVC,Austin,Texas,2024-10-07
Jennifer Cameron,Cameron Industries,9104,TPO,Atlanta,Georgia,2025-01-03
William Smith,Smith Enterprises,8878,PVC,Spokane,Washington,2025-03-28
John Moreno,Moreno Co.,9682,TPO,Denver,Colorado,2024-06-12
Morgan Rivera,Rivera Design Group,5935,PVC,Macon,Georgia,2024-02-17
Leslie Bright,Bright Engineering,7227,Metal,Springfield,Illinois,2023-05-04
Thomas Meyer,Meyer Restoration,6037,PVC,Augusta,Georgia,2023-11-29
Matthew Green,Green Group,5728,PVC,Albany,New York,2024-07-20
Isabel Zimmerman,Zimmerman Roofing,9580,EPDM,Denver,Colorado,2023-05-08
Yolanda Weiss,Weiss Contractors,8850,Modified Bitumen,Colorado Springs,Colorado,2023-09-24
Brent Willis,Willis Industries,7187,Built-up,Houston,Texas,2024-02-06
Alyssa Hill,Hill Partners,3310,EPDM,Fort Worth,Texas,2023-07-17
Richard Harrison,Harrison Renovations,3962,Metal,Fresno,California,2024-07-28
Danny Villanueva,Villanueva Innovations,3030,Metal,St. Petersburg,Florida,2024-10-16
Kevin Buckley,Buckley Co.,8242,EPDM,San Jose,California,2023-12-12
Richard Rodriguez,Rodriguez Solutions,847,Modified Bitumen,Augusta,Georgia,2023-07-30
Aaron Murphy,Murphy Systems,5084,Built-up,Las Vegas,Nevada,2024-04-20
Kathy Green,Green Industries,7928,Modified Bitumen,Seattle,Washington,2024-06-21
Anthony Phillips,Phillips Enterprises,9864,Modified Bitumen,Buffalo,New York,2024-02-29
Maurice Serrano,Serrano Associates,6404,Built-up,San Jose,California,2023-05-08
Dorothy Montgomery,Montgomery Design Group,5134,EPDM,Jacksonville,Florida,2025-03-07
Martin Williams,Williams Roofing,1104,PVC,Las Vegas,Nevada,2025-02-08
Michael Livingston,Livingston Group,4389,Built-up,Henderson,Nevada,2024-06-23
Lisa Jackson,Jackson Systems,5186,Foam,Los Angeles,California,2025-02-03
Hector Jackson,Jackson Works,7820,Metal,Springfield,Illinois,2025-03-31
David Johnson,Johnson Corp.,9576,Metal,Phoenix,Arizona,2025-01-25
David Martinez,Martinez Co.,7426,Modified Bitumen,Savannah,Georgia,2025-02-03
Tammy Chase,Chase Roofing,6249,Built-up,Fresno,California,2023-12-24
Shirley Wilkerson,Wilkerson Co.,5786,Foam,Denver,Colorado,2023-06-17
Derek Stevens,Stevens Design Group,7082,Modified Bitumen,Jacksonville,Florida,2023-06-11
Tammy Taylor,Taylor Engineering,3324,PVC,Orlando,Florida,2024-01-17
Katherine Allen,Allen Works,8944,EPDM,Austin,Texas,2024-06-25
Katelyn Hammond,Hammond Builders,8269,Built-up,Savannah,Georgia,2023-08-03
Sarah Weeks,Weeks Industries,2737,Foam,New York City,New York,2023-06-24
Jacqueline Norton,Norton Projects,6526,Metal,Sacramento,California,2025-03-15
James James,James Innovations,4593,EPDM,Spokane,Washington,2023-07-24
Alexis Buchanan,Buchanan Roof Tech,1419,Built-up,Springfield,Illinois,2024-09-29
Jessica Moore,Moore Innovations,8889,EPDM,Springfield,Illinois,2024-08-05
Jodi Carpenter,Carpenter Contractors,5443,Metal,Jacksonville,Florida,2024-06-22
Stephen Ward,Ward Industries,7186,TPO,Fresno,California,2023-10-25
April Jefferson,Jefferson Works,6359,Metal,Chicago,Illinois,2025-01-08
Christopher Knight,Knight Contractors,1277,Metal,Augusta,Georgia,2025-04-06
Stephen Willis,Willis Industries,1874,Built-up,Reno,Nevada,2025-03-28
Benjamin Williams,Williams Developers,6616,Modified Bitumen,Augusta,Georgia,2025-02-16
Tammy Smith,Smith Enterprises,5972,Metal,Augusta,Georgia,2024-12-02
Michael Austin,Austin Associates,3266,Modified Bitumen,New York City,New York,2024-03-24
Jorge Rubio,Rubio Associates,5655,Modified Bitumen,Naperville,Illinois,2024-03-10
Bianca Johnson,Johnson Partners,5012,Foam,San Jose,California,2023-05-30
Bradley Ferguson,Ferguson Engineering,1862,Metal,Fresno,California,2023-07-18
Jessica Vazquez,Vazquez Construction,2125,Modified Bitumen,Sacramento,California,2024-06-28
Jennifer Garcia,Garcia Restoration,9543,Built-up,Las Vegas,Nevada,2024-01-13
Beth Williams,Williams Associates,4057,Metal,Orlando,Florida,2024-08-20
Danielle Ferrell,Ferrell Innovations,2317,Foam,Boulder,Colorado,2024-05-24
Corey Reyes,Reyes Group,8692,Foam,Scottsdale,Arizona,2024-06-25
Dana Byrd,Byrd Roofing,5545,Built-up,Las Vegas,Nevada,2024-07-16
Kimberly Francis,Francis Construction,4239,TPO,Denver,Colorado,2025-01-05
Traci Martinez,Martinez Restoration,4752,PVC,Phoenix,Arizona,2025-04-14
Laura Perez,Perez Systems,5034,PVC,Jacksonville,Florida,2024-03-17
Daniel Williams,Williams Roofing,6573,TPO,Denver,Colorado,2024-12-09
Candice Webb,Webb Systems,7030,EPDM,Mesa,Arizona,2024-12-11
Marc Vincent,Vincent Engineering,7961,EPDM,Macon,Georgia,2024-07-30
Trevor Lee,Lee Partners,2696,Foam,Austin,Texas,2024-09-16
Brent Beasley,Beasley Projects,9773,TPO,Henderson,Nevada,2024-11-12
Tim Costa,Costa Roof Tech,6628,Modified Bitumen,Denver,Colorado,2023-05-28
Amanda Brown,Brown Solutions,4789,Metal,Austin,Texas,2023-09-09
Ellen Merritt,Merritt Roofing,3094,Metal,Buffalo,New York,2024-07-19
Adrian Scott,Scott Innovations,6614,PVC,Los Angeles,California,2023-07-14
Stephen Day,Day Restoration,3158,TPO,Colorado Springs,Colorado,2024-10-19
Erik Moore,Moore Construction,9982,Metal,Bellevue,Washington,2024-08-17
Deborah Reynolds,Reynolds Builders,3019,PVC,Macon,Georgia,2023-07-24
Don Miller,Miller Corp.,8245,Modified Bitumen,Seattle,Washington,2025-03-21
Scott Kelly,Kelly Co.,5481,Modified Bitumen,Tacoma,Washington,2024-05-14
Wesley Sullivan,Sullivan Systems,5535,Built-up,Buffalo,New York,2023-09-20
Tammy Nichols,Nichols Construction,8854,Metal,Colorado Springs,Colorado,2023-06-09
Timothy Lee,Lee Innovations,8413,TPO,Orlando,Florida,2024-07-23
Peter Roberson,Roberson Design Group,9938,Metal,St. Petersburg,Florida,2023-09-25
Brian Mcguire,Mcguire Enterprises,6465,TPO,Mesa,Arizona,2023-09-17
Todd King,King Corp.,8737,Modified Bitumen,Denver,Colorado,2023-06-06
Joseph Gonzalez,Gonzalez Design Group,875,Modified Bitumen,Jacksonville,Florida,2023-10-28
Kevin Young,Young Contractors,1684,Metal,New York City,New York,2023-08-11
Kaitlyn Barnett,Barnett Innovations,8784,Built-up,Bellevue,Washington,2023-08-19
Carl Martinez,Martinez Industries,1922,EPDM,New York City,New York,2023-09-11
Frederick Reyes,Reyes Projects,8954,PVC,Scottsdale,Arizona,2024-06-10
Samantha Sanders,Sanders Partners,4660,Modified Bitumen,Reno,Nevada,2024-05-11
Tina Parker,Parker Co.,9771,Foam,Scottsdale,Arizona,2024-10-28
Julie Harper,Harper Restoration,4040,TPO,Colorado Springs,Colorado,2024-10-23
Carrie Nunez,Nunez Design Group,8030,Built-up,San Diego,California,2023-05-19
Lauren Stewart,Stewart Projects,5125,Foam,Sacramento,California,2023-09-24
Ricky Miles,Miles Restoration,3035,Built-up,Tucson,Arizona,2024-12-31
Cory Carr,Carr Holdings,8457,Metal,Chicago,Illinois,2024-02-28
Melanie Hale,Hale Projects,8143,Modified Bitumen,Chicago,Illinois,2024-02-01
Nathan Holder,Holder Co.,5910,Foam,Orlando,Florida,2024-08-25
Sheila Estes,Estes Engineering,9422,Metal,Tampa,Florida,2024-11-28
Laura Soto,Soto Contractors,6517,TPO,Orlando,Florida,2024-03-06
Nicholas Gillespie,Gillespie Projects,6380,PVC,Bellevue,Washington,2024-03-28
Scott Jenkins,Jenkins Associates,9741,Metal,Colorado Springs,Colorado,2023-11-16
Charles Weeks,Weeks Restoration,4596,Modified Bitumen,Bellevue,Washington,2025-02-16
Melissa Davis,Davis Associates,9111,Built-up,Phoenix,Arizona,2023-06-24
Scott Decker,Decker Restoration,7326,Metal,St. Petersburg,Florida,2024-07-19
Kathleen Jordan,Jordan Roofing,1190,Built-up,Albany,New York,2024-03-26
Eric Brown,Brown Group,4339,Metal,Chicago,Illinois,2025-02-26
Tony Garcia,Garcia Contractors,6424,EPDM,St. Petersburg,Florida,2025-04-14
Shannon Olson,Olson Solutions,7735,Metal,Las Vegas,Nevada,2023-06-14
Brett Hayes,Hayes Restoration,9538,PVC,Colorado Springs,Colorado,2023-10-18
Susan Adams,Adams Design Group,7683,EPDM,St. Petersburg,Florida,2023-05-02
Sarah Norris,Norris Associates,9693,TPO,Naperville,Illinois,2023-05-15
Stephanie Torres,Torres Renovations,3688,Metal,Scottsdale,Arizona,2024-08-26
Tara Alexander,Alexander Design Group,2031,Foam,Austin,Texas,2023-11-15
Kathleen Shepherd,Shepherd Group,9559,Metal,Savannah,Georgia,2025-01-26
Kevin Thompson,Thompson Associates,2995,EPDM,Phoenix,Arizona,2025-03-26
Matthew Ward,Ward Industries,7890,TPO,Boulder,Colorado,2023-11-17
Richard Hayes,Hayes Engineering,9009,Built-up,Phoenix,Arizona,2024-07-15
Nicholas Erickson,Erickson Restoration,2028,Modified Bitumen,Tucson,Arizona,2024-04-25
Anthony Flores,Flores Partners,7851,TPO,Buffalo,New York,2023-12-13
April Gomez,Gomez Group,7006,EPDM,Tempe,Arizona,2023-10-08
Phillip Russo,Russo Innovations,6073,TPO,Augusta,Georgia,2024-09-23
Robert Flynn,Flynn Roof Tech,3643,PVC,Macon,Georgia,2023-12-19
Adam Smith,Smith Roofing,3027,Built-up,Chicago,Illinois,2025-01-08
Victoria Smith,Smith Works,2517,Metal,Savannah,Georgia,2024-09-14
Brianna Shelton,Shelton Developers,3561,PVC,Savannah,Georgia,2023-07-08
Savannah Khan,Khan Construction,4242,Foam,Houston,Texas,2024-10-10
Francisco Richards,Richards Enterprises,1599,Foam,Mesa,Arizona,2024-01-31
Mark Lawrence,Lawrence Solutions,4858,Metal,Rochester,New York,2025-04-11
Jessica Smith,Smith Engineering,1058,Metal,Rochester,New York,2023-11-19
Anthony Martin,Martin Developers,2021,PVC,Mesa,Arizona,2025-03-26
Garrett Collins,Collins Roofing,6743,PVC,Tampa,Florida,2023-12-07
Erica Scott,Scott Maintenance,7686,Modified Bitumen,San Diego,California,2023-05-24
Daisy Brown,Brown Roofing,2837,Metal,Bellevue,Washington,2023-07-03
Chad Cameron,Cameron Contractors,8253,EPDM,Rochester,New York,2025-01-24
Christy Atkinson,Atkinson Solutions,7014,Foam,Denver,Colorado,2023-05-08
Christopher Robertson,Robertson Industries,2049,Foam,Austin,Texas,2024-11-30
Sarah Shelton,Shelton Construction,6038,Modified Bitumen,Colorado Springs,Colorado,2024-02-19
Christian Brown,Brown Engineering,6602,TPO,Boulder,Colorado,2025-03-29
Mitchell Johnson,Johnson Builders,7092,Built-up,Las Vegas,Nevada,2024-09-24
Jeffrey Mendez,Mendez Design Group,3882,Foam,Macon,Georgia,2024-11-15
Juan Edwards,Edwards Contractors,6448,EPDM,Seattle,Washington,2023-06-22
Kristi Green,Green Roof Tech,9936,Metal,Henderson,Nevada,2024-07-30
Lisa Rodriguez,Rodriguez Systems,9102,EPDM,Scottsdale,Arizona,2024-02-11
Trevor Richardson,Richardson Restoration,2849,Foam,Naperville,Illinois,2024-02-24
Michael White,White Design Group,7732,Modified Bitumen,San Diego,California,2025-02-12
Amanda Knight,Knight Associates,2022,Modified Bitumen,Colorado Springs,Colorado,2024-10-20
Lisa Green,Green Holdings,9278,TPO,Buffalo,New York,2023-10-06
Aaron Cole,Cole Contractors,3650,Foam,Rochester,New York,2024-05-15
Nathan Smith,Smith Roof Tech,5181,TPO,Bellevue,Washington,2023-06-02
Timothy Love,Love Roof Tech,8033,Metal,San Diego,California,2023-08-19
Daniel Edwards,Edwards Corp.,2519,TPO,Denver,Colorado,2024-09-01
George Roberts,Roberts Group,2077,Modified Bitumen,Las Vegas,Nevada,2023-04-26
Christopher Duncan,Duncan Roofing,3609,Built-up,Atlanta,Georgia,2024-07-14
Christopher Williams,Williams Construction,1515,Modified Bitumen,New York City,New York,2025-03-30
Douglas Jackson,Jackson Contractors,1634,Modified Bitumen,Buffalo,New York,2023-10-06
Emily Green,Green Contractors,6588,EPDM,Tacoma,Washington,2024-05-21
Nancy Baker,Baker Associates,8666,Built-up,New York City,New York,2023-11-28
Brianna Curtis,Curtis Partners,3281,TPO,Miami,Florida,2024-02-01
James Tran,Tran Holdings,7245,PVC,Chicago,Illinois,2024-07-19
Michelle Walker,Walker Associates,8595,EPDM,Denver,Colorado,2023-11-07
Tara Schroeder,Schroeder Associates,8567,Built-up,Albany,New York,2024-08-12
Ralph Baker,Baker Associates,4538,EPDM,Atlanta,Georgia,2023-04-28
Deanna Li,Li Partners,3573,Metal,Tucson,Arizona,2025-01-22
Katherine Richardson,Richardson Associates,3092,Modified Bitumen,Boulder,Colorado,2024-07-07
Hector Aguirre,Aguirre Engineering,6287,EPDM,Tempe,Arizona,2023-09-20
Nancy Alvarado,Alvarado Works,1562,EPDM,San Jose,California,2023-09-07
Melissa Sharp,Sharp Developers,5109,PVC,Dallas,Texas,2024-02-07
Richard Roberts,Roberts Maintenance,7466,TPO,Denver,Colorado,2023-12-10
Margaret Payne,Payne Roof Tech,8438,TPO,Spokane,Washington,2023-12-12
Lawrence Wilson,Wilson Infrastructure,3300,TPO,Orlando,Florida,2024-07-16
David Parker,Parker Projects,2108,TPO,Tacoma,Washington,2023-12-16
Sharon Harper,Harper Design Group,9505,EPDM,Tucson,Arizona,2023-12-26
Nicholas Carter,Carter Co.,893,TPO,Bellevue,Washington,2023-10-30
Chloe Gonzalez,Gonzalez Infrastructure,6136,Metal,Orlando,Florida,2023-08-09
Rhonda Carroll,Carroll Industries,1798,PVC,Springfield,Illinois,2024-12-10
Jamie West,West Associates,4235,TPO,Mesa,Arizona,2024-06-22
Victoria Dunn,Dunn Roofing,9089,Foam,New York City,New York,2024-05-15
William Hayes,Hayes Co.,9237,Metal,Savannah,Georgia,2024-03-02
James Williams,Williams Developers,5135,Metal,Seattle,Washington,2024-02-02
Arthur Lara,Lara Co.,1519,EPDM,Rochester,New York,2025-01-05
Kelly Lyons,Lyons Works,5129,Metal,Austin,Texas,2024-11-14
Michelle Foster,Foster Solutions,5858,Modified Bitumen,Atlanta,Georgia,2025-01-22
Jessica Vega,Vega Engineering,6332,EPDM,Springfield,Illinois,2024-04-15
Eric Yu,Yu Holdings,1923,Modified Bitumen,Bellevue,Washington,2025-02-08
Erica Rivera,Rivera Developers,5715,EPDM,Spokane,Washington,2023-06-24
Kristin York,York Works,2167,Metal,Fresno,California,2024-03-15
Joseph Ortega,Ortega Builders,3685,Modified Bitumen,Tempe,Arizona,2024-04-09
Sarah Mcpherson,Mcpherson Developers,2241,Modified Bitumen,Houston,Texas,2023-09-07
Bryan Maynard,Maynard Builders,3504,TPO,Augusta,Georgia,2024-11-17
Roy Walker,Walker Renovations,7656,Foam,Springfield,Illinois,2024-08-25
Shane Goodman,Goodman Works,3028,EPDM,Buffalo,New York,2024-04-20
Daniel Evans,Evans Projects,3439,Built-up,Reno,Nevada,2024-04-01
Robert Anderson,Anderson Enterprises,5316,Built-up,Springfield,Illinois,2023-11-25
Vincent Myers,Myers Contractors,6795,Metal,Sacramento,California,2024-06-28
Paul Poole,Poole Construction,4733,PVC,St. Petersburg,Florida,2023-09-24
Nicholas James,James Contractors,3786,Modified Bitumen,Seattle,Washington,2024-06-06
Brent Howell,Howell Works,5990,TPO,Dallas,Texas,2024-08-16
Courtney Mccann,Mccann Design Group,3764,Built-up,Tempe,Arizona,2023-05-01
Kayla Walls,Walls Design Group,5374,Foam,Springfield,Illinois,2024-11-13
Linda Curry,Curry Co.,9546,Built-up,Las Vegas,Nevada,2024-10-12
Ian Lee,Lee Holdings,6371,Modified Bitumen,Seattle,Washington,2023-11-19
Sara Cox,Cox Holdings,1396,Metal,Tampa,Florida,2024-01-05
Angelica Mccoy,Mccoy Co.,9409,Modified Bitumen,Colorado Springs,Colorado,2024-03-21
Antonio Gordon,Gordon Developers,4713,Metal,Seattle,Washington,2024-04-15
Michael Williamson,Williamson Restoration,7190,TPO,Tampa,Florida,2023-06-11
Kim Tyler,Tyler Systems,6139,TPO,Springfield,Illinois,2024-12-12
Cody Murphy,Murphy Works,9750,Foam,Chicago,Illinois,2025-01-05
Donna Willis,Willis Associates,8890,EPDM,Tucson,Arizona,2024-10-24
Nicole Turner,Turner Corp.,3451,EPDM,Seattle,Washington,2024-06-03
Elizabeth Lara,Lara Contractors,4732,PVC,Naperville,Illinois,2023-08-08
Michael Chavez,Chavez Design Group,2943,Metal,Sacramento,California,2024-07-29
Matthew Moore,Moore Construction,6393,Foam,Naperville,Illinois,2024-04-29
Chad Cooper,Cooper Developers,5515,Built-up,Buffalo,New York,2025-01-22
Justin Jones,Jones Developers,2782,Foam,Los Angeles,California,2024-06-21
Amanda Gillespie,Gillespie Industries,8254,Foam,Mesa,Arizona,2023-12-20
William Stephenson,Stephenson Engineering,5285,Foam,Orlando,Florida,2025-02-18
Karen Smith,Smith Industries,2496,Metal,Colorado Springs,Colorado,2024-08-27
John Owens,Owens Infrastructure,6256,Metal,Denver,Colorado,2025-03-28
Cynthia Hull,Hull Maintenance,9079,TPO,Boulder,Colorado,2024-10-28
Mitchell Mccoy,Mccoy Contractors,3491,Foam,Augusta,Georgia,2024-10-05
Bradley Brewer,Brewer Systems,5636,TPO,Springfield,Illinois,2023-10-23
Elizabeth Peterson,Peterson Maintenance,8185,EPDM,Fresno,California,2023-06-28
Joseph Allen,Allen Roofing,1697,Built-up,Fresno,California,2024-11-28
Laura Aguilar,Aguilar Innovations,9075,Metal,New York City,New York,2024-06-27
Dwayne Gross,Gross Corp.,7082,Built-up,Tempe,Arizona,2024-11-09
Hunter Alvarez,Alvarez Partners,2760,PVC,San Diego,California,2024-10-30
Shelby Leach,Leach Associates,6407,Foam,San Jose,California,2024-03-07
Roy Clark,Clark Construction,3889,PVC,Augusta,Georgia,2023-09-23
Lori Wang,Wang Works,1575,Built-up,Springfield,Illinois,2023-12-16
Gina Brown,Brown Holdings,1290,Foam,Henderson,Nevada,2025-02-24
Sean King,King Maintenance,3310,Modified Bitumen,Orlando,Florida,2024-08-26
Andrew Ellis,Ellis Associates,8680,TPO,Boulder,Colorado,2025-01-22
Julia Cole,Cole Systems,6444,Modified Bitumen,Los Angeles,California,2023-06-13
Michael Tyler,Tyler Partners,8565,TPO,Colorado Springs,Colorado,2023-11-01
Kenneth Hines,Hines Works,3824,Built-up,Houston,Texas,2024-08-14
Brandon Rodriguez,Rodriguez Innovations,8522,Foam,Augusta,Georgia,2024-02-18
Chloe Kim,Kim Builders,2254,PVC,San Jose,California,2023-04-16
Molly White,White Restoration,9966,Metal,Reno,Nevada,2024-01-11
Amanda Allen,Allen Associates,6507,Built-up,Boulder,Colorado,2023-06-07
Joseph Graham,Graham Developers,2947,Foam,Las Vegas,Nevada,2023-09-12
James Hughes,Hughes Holdings,1558,PVC,Orlando,Florida,2024-04-06
Timothy Gonzales,Gonzales Innovations,7696,EPDM,Bellevue,Washington,2024-05-04
Stacie Cook,Cook Construction,1717,Modified Bitumen,Boulder,Colorado,2024-10-31
Jill Archer,Archer Works,9040,Foam,Bellevue,Washington,2024-12-05
Mackenzie Rogers,Rogers Roof Tech,9393,Metal,Seattle,Washington,2024-06-30
Mark Mckay,Mckay Infrastructure,2631,EPDM,Springfield,Illinois,2025-02-11
Emily Olson,Olson Restoration,7557,Metal,Miami,Florida,2023-11-01
Natalie Snow,Snow Co.,8441,Built-up,Chicago,Illinois,2025-01-20
Tamara Fitzgerald,Fitzgerald Maintenance,5536,EPDM,Tucson,Arizona,2023-06-10
Donna Johnson,Johnson Solutions,8384,Modified Bitumen,Dallas,Texas,2025-01-02
Kevin Burch,Burch Infrastructure,8023,PVC,Mesa,Arizona,2024-10-16
Lisa Russell,Russell Roofing,6281,Modified Bitumen,Mesa,Arizona,2024-02-22
Tina Thomas,Thomas Construction,2081,Foam,Buffalo,New York,2024-03-26
Russell Wu,Wu Design Group,8559,PVC,Dallas,Texas,2024-05-28
Terry Aguilar,Aguilar Renovations,9871,Modified Bitumen,San Diego,California,2023-09-16
Jessica Kelly,Kelly Roofing,5730,EPDM,Chicago,Illinois,2024-10-31
Tony Hansen,Hansen Partners,3843,EPDM,Buffalo,New York,2024-05-08
Daniel Jones,Jones Projects,7474,TPO,Fresno,California,2023-12-08
Natasha Oliver,Oliver Innovations,8248,Modified Bitumen,Spokane,Washington,2024-03-08
James Keller,Keller Enterprises,7148,Modified Bitumen,Bellevue,Washington,2025-02-14
Joshua Ray,Ray Engineering,8349,Built-up,Reno,Nevada,2024-07-23
James Edwards,Edwards Projects,7051,TPO,Fresno,California,2024-03-30
Cheryl Patterson,Patterson Corp.,4150,PVC,Phoenix,Arizona,2023-11-07
Stephen Hall,Hall Maintenance,9131,Modified Bitumen,Dallas,Texas,2024-10-12
Roberto Johnson,Johnson Contractors,9776,Modified Bitumen,Henderson,Nevada,2024-01-10
Francisco Bryant,Bryant Solutions,1264,PVC,San Diego,California,2024-06-06
Bryan Nguyen,Nguyen Contractors,7876,EPDM,Miami,Florida,2024-01-21
Ronald Peters,Peters Roof Tech,2353,Foam,Macon,Georgia,2023-06-29
Laura Blackwell,Blackwell Contractors,7936,Foam,Spokane,Washington,2024-03-14
Valerie Nichols,Nichols Innovations,6712,Modified Bitumen,Las Vegas,Nevada,2024-04-08
Tiffany Warren,Warren Contractors,6649,Metal,Bellevue,Washington,2024-10-21
Robert Hudson,Hudson Corp.,6435,Metal,Los Angeles,California,2024-04-19
Tara Gonzales,Gonzales Builders,2288,Built-up,Augusta,Georgia,2024-04-20
Carla Jones,Jones Co.,1577,TPO,Buffalo,New York,2024-12-17
Dylan Clark,Clark Systems,5686,Built-up,Atlanta,Georgia,2024-08-15
Joseph Brown,Brown Projects,2883,Foam,Las Vegas,Nevada,2024-05-27
Megan Smith,Smith Construction,5252,Modified Bitumen,Seattle,Washington,2024-10-20
Austin Moore,Moore Systems,1238,PVC,San Diego,California,2023-09-20
Steven Thompson,Thompson Maintenance,7038,TPO,Sacramento,California,2024-02-03
Mark Adams,Adams Works,1831,Built-up,Spokane,Washington,2024-10-04
Eric Taylor,Taylor Builders,3306,Built-up,Albany,New York,2023-04-18
Randy Smith,Smith Holdings,2617,Built-up,Bellevue,Washington,2024-11-28
Jonathan Miller,Miller Developers,3147,Built-up,Spokane,Washington,2025-04-02
Michael Avery,Avery Projects,7940,PVC,Mesa,Arizona,2024-02-09
Cheryl Woodard,Woodard Roof Tech,7258,TPO,Houston,Texas,2024-12-18
Kimberly Pierce,Pierce Maintenance,5828,TPO,Augusta,Georgia,2024-09-28
Robert Chang,Chang Co.,6725,EPDM,San Diego,California,2024-06-22
Brandon Castaneda,Castaneda Design Group,7639,Foam,Naperville,Illinois,2023-04-18
Kristin Combs,Combs Innovations,1009,Foam,Jacksonville,Florida,2024-08-20
Karen Hernandez,Hernandez Restoration,4090,Modified Bitumen,Spokane,Washington,2024-12-21
Daniel Jackson,Jackson Infrastructure,2947,PVC,Reno,Nevada,2023-08-20
Kenneth Nunez,Nunez Contractors,7655,PVC,Orlando,Florida,2023-10-08
Jonathan Rivera,Rivera Enterprises,4794,Built-up,Denver,Colorado,2025-03-23
Ashley Carter,Carter Projects,7761,Modified Bitumen,Dallas,Texas,2023-10-13
Danielle Ramirez,Ramirez Infrastructure,3724,PVC,Seattle,Washington,2024-09-03
Stacy Smith,Smith Holdings,5456,EPDM,Austin,Texas,2023-05-26
John Owens,Owens Works,4305,EPDM,Spokane,Washington,2025-02-19
Heather Scott,Scott Roof Tech,7863,PVC,Chicago,Illinois,2023-04-29
Kristina Gibbs,Gibbs Roof Tech,7473,TPO,Naperville,Illinois,2024-03-27
Michael Peterson,Peterson Co.,6723,PVC,Denver,Colorado,2025-02-24
Julie Acevedo,Acevedo Maintenance,9551,TPO,Spokane,Washington,2025-04-05
Ricardo Frederick,Frederick Industries,9361,Metal,San Jose,California,2024-03-10
Alexander Hawkins,Hawkins Builders,3433,EPDM,Naperville,Illinois,2024-08-02
Robyn Foster,Foster Contractors,915,Metal,Tempe,Arizona,2023-12-01
Stephen Roman,Roman Projects,2195,Metal,Scottsdale,Arizona,2024-04-22
Deborah Lee,Lee Roof Tech,4273,Built-up,Seattle,Washington,2024-04-04
Victor Hancock,Hancock Partners,1776,Metal,Augusta,Georgia,2025-03-20
Heather Smith,Smith Engineering,5208,EPDM,Austin,Texas,2023-11-13
Angela Evans,Evans Associates,9735,Metal,Macon,Georgia,2024-07-12
Steven Hendricks,Hendricks Associates,855,PVC,St. Petersburg,Florida,2025-03-09
David Phillips,Phillips Works,1778,Modified Bitumen,Springfield,Illinois,2023-05-11
David Jennings,Jennings Holdings,4882,PVC,Atlanta,Georgia,2024-03-11
Tony Brown,Brown Restoration,5895,Metal,Reno,Nevada,2024-01-26
Michael Smith,Smith Builders,1478,EPDM,Houston,Texas,2024-03-28
Tina Walker,Walker Infrastructure,1072,EPDM,Los Angeles,California,2023-12-27
Karen Pena,Pena Innovations,4229,Metal,Henderson,Nevada,2025-03-30
Shawn Mcintosh,Mcintosh Projects,882,Metal,Buffalo,New York,2024-04-19
Keith Martin,Martin Roofing,4389,Modified Bitumen,Atlanta,Georgia,2025-03-07
Natalie Jones,Jones Industries,6719,Metal,Bellevue,Washington,2024-07-17
Dustin Rodriguez,Rodriguez Restoration,3031,Metal,Jacksonville,Florida,2024-07-21
Lacey Smith,Smith Design Group,5606,PVC,Savannah,Georgia,2024-04-16
Tina Cummings,Cummings Enterprises,5052,EPDM,San Diego,California,2023-05-16
Jane Smith,Smith Enterprises,7529,Built-up,St. Petersburg,Florida,2024-06-08
Alyssa Harris,Harris Partners,7297,EPDM,Sacramento,California,2023-12-14
Craig Perez,Perez Construction,848,PVC,Jacksonville,Florida,2023-08-05
Kelly Mckee,Mckee Contractors,3460,TPO,Savannah,Georgia,2024-04-02
Eric Mcbride,Mcbride Systems,6532,EPDM,Augusta,Georgia,2024-01-03
Matthew Turner,Turner Builders,9480,Built-up,Miami,Florida,2024-09-08
Jessica James,James Roof Tech,4230,Metal,Springfield,Illinois,2024-09-16
Susan Jimenez,Jimenez Systems,8294,PVC,Reno,Nevada,2024-02-20
Catherine Collins,Collins Partners,4117,PVC,Savannah,Georgia,2023-08-06
Tyler Martinez,Martinez Systems,7355,EPDM,Spokane,Washington,2025-03-02
Christopher Gonzalez,Gonzalez Industries,9022,TPO,Albany,New York,2024-04-24
Katie Hall,Hall Group,7982,Metal,Sacramento,California,2024-05-16
Charles Hinton,Hinton Works,6321,Foam,Jacksonville,Florida,2023-09-07
Natalie Moore,Moore Builders,834,TPO,New York City,New York,2023-04-15
Stephen Hughes,Hughes Co.,4399,EPDM,Tempe,Arizona,2024-01-07
Danielle Perez,Perez Engineering,1800,Metal,Springfield,Illinois,2024-06-15
Madison Ross,Ross Engineering,1172,TPO,Augusta,Georgia,2025-03-11
Eric Maldonado,Maldonado Builders,7564,Built-up,San Jose,California,2023-10-25
Alexa Garcia,Garcia Industries,7782,Metal,Boulder,Colorado,2023-07-21
Regina Camacho,Camacho Restoration,1230,TPO,Naperville,Illinois,2023-07-03
Rachel Wells,Wells Engineering,9850,Modified Bitumen,Tacoma,Washington,2023-11-29
Janet Mitchell,Mitchell Industries,5143,Metal,Springfield,Illinois,2023-12-25
Richard Gordon,Gordon Builders,1887,TPO,Spokane,Washington,2024-01-17
Philip Johnson,Johnson Partners,5083,PVC,Fort Worth,Texas,2025-01-13
Erin Mcmillan,Mcmillan Design Group,6176,Built-up,Rochester,New York,2024-03-29
Richard Myers,Myers Holdings,7269,PVC,Denver,Colorado,2023-06-11
Benjamin Drake,Drake Renovations,9477,Foam,Albany,New York,2024-05-03
Charles Klein,Klein Enterprises,1780,TPO,Las Vegas,Nevada,2024-12-09
Kristin Montoya,Montoya Co.,9908,PVC,Spokane,Washington,2024-04-17
Denise Martinez,Martinez Corp.,7036,Modified Bitumen,Boulder,Colorado,2023-09-28
Wendy Dean,Dean Builders,6557,Built-up,Phoenix,Arizona,2023-08-28
Cynthia Fowler,Fowler Design Group,7763,TPO,Rochester,New York,2024-07-09
Stephen Cobb,Cobb Co.,4293,TPO,Tampa,Florida,2024-03-17
Stephanie Burns,Burns Enterprises,6749,Built-up,Savannah,Georgia,2024-09-15
John Rivera,Rivera Projects,1949,EPDM,Las Vegas,Nevada,2023-08-13
Patricia Brown,Brown Renovations,9337,Metal,Scottsdale,Arizona,2024-02-14
Jason Chavez,Chavez Roofing,7756,Modified Bitumen,St. Petersburg,Florida,2024-12-24
Michael Acosta,Acosta Works,5483,PVC,Springfield,Illinois,2024-05-14
Joanne Lewis,Lewis Group,6381,PVC,Reno,Nevada,2024-07-30
Craig Hansen,Hansen Works,5489,EPDM,Tempe,Arizona,2024-04-05
Crystal Cantrell,Cantrell Corp.,3039,Foam,Savannah,Georgia,2023-07-11
Christy Schaefer,Schaefer Roofing,7361,Modified Bitumen,Tempe,Arizona,2025-01-25
Matthew Taylor,Taylor Co.,5102,Metal,Scottsdale,Arizona,2024-12-24
Toni Shaffer,Shaffer Enterprises,9829,TPO,Bellevue,Washington,2024-08-10
Ruben Johnson,Johnson Projects,2106,Built-up,Miami,Florida,2023-12-30
Jeffrey Morris,Morris Co.,8950,Modified Bitumen,Colorado Springs,Colorado,2023-10-20
Andrea Carey,Carey Maintenance,5675,Modified Bitumen,Chicago,Illinois,2023-07-27
Michael Hudson,Hudson Maintenance,2705,EPDM,Fort Worth,Texas,2024-04-10
Cynthia Kirby,Kirby Contractors,6303,Modified Bitumen,St. Petersburg,Florida,2024-07-01
Erika Johnson,Johnson Projects,1806,Metal,Austin,Texas,2023-09-07
Bradley Schaefer,Schaefer Industries,2336,TPO,Boulder,Colorado,2024-12-18
Amy Byrd,Byrd Corp.,1926,PVC,Sacramento,California,2024-06-27
Cassandra Cardenas,Cardenas Roof Tech,7195,Foam,Buffalo,New York,2025-03-10
Monique Ward,Ward Works,7650,Metal,Fresno,California,2024-03-17
Kristen Deleon,Deleon Associates,2730,Built-up,Fort Worth,Texas,2023-09-09
Katie Doyle,Doyle Enterprises,9111,Modified Bitumen,Tempe,Arizona,2023-10-31
Nicolas Ramirez,Ramirez Construction,3833,Metal,Bellevue,Washington,2024-01-11
Theodore Santiago,Santiago Developers,2201,Foam,Savannah,Georgia,2024-08-29
Charles Hernandez,Hernandez Roofing,8940,EPDM,Rochester,New York,2023-11-11
Michael Nguyen,Nguyen Roof Tech,4509,EPDM,Fresno,California,2024-05-14
Timothy Adams,Adams Roofing,7350,EPDM,Springfield,Illinois,2024-06-29
Steve Thomas,Thomas Infrastructure,4048,PVC,Augusta,Georgia,2024-07-09
Tracy Beck,Beck Builders,3730,Metal,Albany,New York,2024-01-25
Rebecca Bennett,Bennett Enterprises,4124,PVC,Buffalo,New York,2023-10-24
Jessica Cruz,Cruz Group,1147,Foam,Houston,Texas,2024-01-16
Vanessa Jones,Jones Developers,8041,PVC,Sacramento,California,2024-12-30
Troy Sanford,Sanford Industries,1925,EPDM,Henderson,Nevada,2024-07-16
Amanda Fernandez,Fernandez Engineering,5965,Built-up,Los Angeles,California,2023-12-02
John Hicks,Hicks Works,3514,Foam,Spokane,Washington,2023-11-08
Kevin King,King Contractors,6258,TPO,Tucson,Arizona,2023-07-08
Kristen Harrison,Harrison Builders,8586,Modified Bitumen,Jacksonville,Florida,2023-05-01
Michael Gibson,Gibson Restoration,9116,PVC,Denver,Colorado,2025-03-20
Paula Brown,Brown Co.,1317,EPDM,Miami,Florida,2024-06-24
Scott Jenkins,Jenkins Works,2146,TPO,Augusta,Georgia,2024-02-01
Jonathan Armstrong,Armstrong Builders,5639,Metal,Las Vegas,Nevada,2025-03-30
Christopher Rodriguez,Rodriguez Solutions,8709,Built-up,Tempe,Arizona,2025-02-08
Thomas Rodriguez,Rodriguez Industries,7041,Metal,Tacoma,Washington,2023-07-10
John Miller,Miller Group,916,Metal,Rochester,New York,2024-10-12
John Mayo,Mayo Construction,5216,Metal,Los Angeles,California,2023-05-26
Tina Johnston,Johnston Solutions,6189,TPO,Sacramento,California,2024-09-13
Corey Banks,Banks Systems,8740,Built-up,Fresno,California,2024-01-20
Anna Jones,Jones Industries,6590,EPDM,New York City,New York,2023-05-06
Amanda Davidson,Davidson Maintenance,8001,Built-up,Atlanta,Georgia,2024-05-16
Zachary Novak,Novak Corp.,8515,Built-up,Colorado Springs,Colorado,2024-12-26
Devin Mcdonald,Mcdonald Corp.,7616,TPO,Orlando,Florida,2023-04-24
James Brock,Brock Group,5849,Foam,Mesa,Arizona,2024-04-10
Robin Bauer,Bauer Projects,7537,Built-up,Jacksonville,Florida,2024-04-11
Sean Perez,Perez Holdings,7127,EPDM,Henderson,Nevada,2023-12-29
Christopher Johnson,Johnson Group,4950,Foam,St. Petersburg,Florida,2023-12-04
Michelle Bryant,Bryant Associates,3530,EPDM,Naperville,Illinois,2024-08-09
Melissa Bishop,Bishop Associates,1116,Built-up,Henderson,Nevada,2023-09-05
Jonathan Boyer,Boyer Design Group,2942,Metal,Naperville,Illinois,2024-01-25
Kelsey Frey,Frey Renovations,3348,Modified Bitumen,Naperville,Illinois,2024-01-21
Lori Ramirez,Ramirez Restoration,2305,Modified Bitumen,Orlando,Florida,2024-03-09
Roy Cordova,Cordova Maintenance,7629,TPO,San Jose,California,2024-01-18
Melissa Thomas,Thomas Holdings,5541,EPDM,Reno,Nevada,2025-02-28
Tina Gonzalez,Gonzalez Industries,7710,PVC,Macon,Georgia,2024-02-04
Melissa Wheeler,Wheeler Solutions,8286,Built-up,Savannah,Georgia,2024-07-28
Logan Richardson,Richardson Roof Tech,1440,Metal,New York City,New York,2023-10-07
Joe Wright,Wright Developers,2312,EPDM,Fort Worth,Texas,2024-01-11
Sarah Adams,Adams Solutions,3233,Metal,Mesa,Arizona,2024-07-20
Alicia Durham,Durham Solutions,5312,TPO,Scottsdale,Arizona,2023-09-15
Melanie Bauer,Bauer Industries,3716,TPO,Scottsdale,Arizona,2024-08-29
Stephanie Jones,Jones Roofing,5773,Foam,Boulder,Colorado,2024-07-21
Stephen Brown,Brown Developers,3753,Built-up,Seattle,Washington,2023-06-13
Daniel Mcclure,Mcclure Corp.,992,TPO,Las Vegas,Nevada,2023-10-14
Douglas Dixon,Dixon Innovations,9334,Metal,Tempe,Arizona,2023-05-22
Michael Rodriguez,Rodriguez Infrastructure,3987,Foam,Henderson,Nevada,2024-05-13
Whitney Mcintosh,Mcintosh Solutions,2789,PVC,Las Vegas,Nevada,2024-06-12
Lindsey Perez,Perez Industries,1300,Metal,Tacoma,Washington,2023-09-25
Sue Garcia,Garcia Solutions,4202,PVC,Orlando,Florida,2024-03-07
Brandon Ramirez,Ramirez Works,4877,Built-up,Boulder,Colorado,2023-12-15
Margaret Rodriguez,Rodriguez Corp.,8489,EPDM,Tampa,Florida,2024-03-27
Angela Gardner,Gardner Infrastructure,6298,Modified Bitumen,Atlanta,Georgia,2024-06-04
Jennifer Wilson,Wilson Construction,9393,EPDM,Fort Worth,Texas,2025-03-19
Jesus Brown,Brown Co.,9335,PVC,Tampa,Florida,2023-10-21
Eric Ferguson,Ferguson Enterprises,4504,Built-up,Colorado Springs,Colorado,2025-02-20
Matthew Wilson,Wilson Enterprises,7508,Metal,Springfield,Illinois,2023-12-20
Steven Ballard,Ballard Infrastructure,4659,Metal,Colorado Springs,Colorado,2024-07-15
Jacob Lutz,Lutz Associates,2677,EPDM,Miami,Florida,2024-03-10
Jason Lozano,Lozano Solutions,4452,PVC,Houston,Texas,2023-11-01
Laura Miller,Miller Builders,6400,TPO,Augusta,Georgia,2023-06-17
Megan Gill,Gill Design Group,5302,Modified Bitumen,Denver,Colorado,2023-08-31
Laurie Taylor,Taylor Maintenance,3228,Metal,Tampa,Florida,2023-08-30
Tyler Scott,Scott Engineering,2883,PVC,Tucson,Arizona,2025-01-16
Michael Peters,Peters Contractors,2582,TPO,Chicago,Illinois,2023-09-13
Dennis Harrington,Harrington Engineering,5894,Modified Bitumen,Tacoma,Washington,2023-05-28
Michael Lucero,Lucero Industries,4895,Modified Bitumen,St. Petersburg,Florida,2023-10-08
Yvonne Kelley,Kelley Systems,4347,Foam,San Jose,California,2024-07-14
Angel Jones,Jones Renovations,1882,PVC,Seattle,Washington,2024-11-01
George Parks,Parks Maintenance,1789,Foam,Henderson,Nevada,2023-04-15
Amy Parker,Parker Industries,4102,Built-up,Mesa,Arizona,2024-01-02
Michael Brooks,Brooks Innovations,5186,Modified Bitumen,Colorado Springs,Colorado,2024-11-14
Justin Chase,Chase Systems,1320,Foam,Seattle,Washington,2024-12-15
Hailey Hoover,Hoover Works,7022,Modified Bitumen,Dallas,Texas,2023-08-16
Bradley Krueger,Krueger Maintenance,6466,Built-up,Las Vegas,Nevada,2023-08-30
Andrew Bradshaw,Bradshaw Design Group,7983,Foam,New York City,New York,2023-11-01
James Schroeder,Schroeder Innovations,1963,Foam,Henderson,Nevada,2024-10-21
Fernando Jordan,Jordan Corp.,922,Foam,Augusta,Georgia,2024-04-07
James Mason,Mason Infrastructure,3862,Modified Bitumen,Austin,Texas,2025-02-01
Tracey Hughes,Hughes Design Group,5950,Built-up,San Jose,California,2024-09-09
Makayla Morales,Morales Roof Tech,6938,Built-up,St. Petersburg,Florida,2024-01-16
Janet Perez,Perez Corp.,3491,Metal,San Diego,California,2024-10-28
Elaine Mckinney,Mckinney Roofing,4357,TPO,Bellevue,Washington,2025-02-06
Nathan Moran,Moran Builders,9344,Metal,Springfield,Illinois,2024-11-11
Chad Richards,Richards Builders,7981,Built-up,Rochester,New York,2024-09-16
Chad Miller,Miller Solutions,1224,TPO,Savannah,Georgia,2024-07-03
Rachel Morrison,Morrison Infrastructure,1999,Modified Bitumen,Austin,Texas,2023-11-16
Thomas Hill,Hill Roofing,8255,Metal,Reno,Nevada,2024-07-08
Robert Jordan,Jordan Corp.,1133,EPDM,Tampa,Florida,2023-05-02
Darrell Andrews,Andrews Group,9297,Modified Bitumen,Spokane,Washington,2024-02-03
Linda Williams,Williams Roof Tech,5273,Metal,Colorado Springs,Colorado,2023-10-03
Joseph Jones,Jones Renovations,7635,Modified Bitumen,Bellevue,Washington,2024-01-16
Edward Smith,Smith Design Group,4681,PVC,Tampa,Florida,2023-12-10
Sandra Stanley,Stanley Infrastructure,4862,Foam,Houston,Texas,2023-08-29
Alexis Shaffer,Shaffer Projects,5783,Metal,Naperville,Illinois,2024-04-13
Joshua Gonzalez,Gonzalez Developers,4929,EPDM,Scottsdale,Arizona,2024-12-06
Jay Hughes,Hughes Engineering,8232,Metal,Sacramento,California,2023-09-21
Rachael Robbins,Robbins Industries,3593,TPO,Bellevue,Washington,2024-05-15
Christopher Brown,Brown Solutions,5922,Metal,Reno,Nevada,2024-01-01
Susan Thomas,Thomas Renovations,8531,EPDM,Boulder,Colorado,2025-02-13
Bradley Combs,Combs Maintenance,4315,PVC,Bellevue,Washington,2024-05-11
Kathryn Bishop,Bishop Roof Tech,6803,TPO,Phoenix,Arizona,2024-10-22
Jeffery Norton,Norton Partners,2079,TPO,Los Angeles,California,2023-08-03
Faith Gray,Gray Contractors,5562,Metal,Austin,Texas,2024-02-28
Ralph Brock,Brock Works,9429,PVC,Jacksonville,Florida,2024-12-17
Tara Mcguire,Mcguire Co.,5455,Modified Bitumen,Bellevue,Washington,2024-08-20
James Hardy,Hardy Corp.,8935,EPDM,Orlando,Florida,2024-04-13
Veronica Franklin,Franklin Contractors,7765,Modified Bitumen,Reno,Nevada,2023-08-16
Frank Harrison,Harrison Builders,1686,Modified Bitumen,Reno,Nevada,2025-02-27
Christopher Flores,Flores Projects,4344,PVC,San Diego,California,2024-11-08
Alexander Jacobs,Jacobs Industries,3654,Modified Bitumen,Naperville,Illinois,2024-01-04
Tony Butler,Butler Engineering,5239,TPO,Reno,Nevada,2024-12-31
Sandra Roberts,Roberts Projects,7577,Modified Bitumen,Miami,Florida,2024-07-10
Emily Zamora,Zamora Restoration,4525,EPDM,Colorado Springs,Colorado,2025-04-04
Anne Lewis,Lewis Industries,860,Metal,Reno,Nevada,2024-04-14
Amanda Taylor,Taylor Systems,6940,Foam,Springfield,Illinois,2024-12-16
Andrea Stewart,Stewart Solutions,1834,Built-up,Henderson,Nevada,2024-07-29
Sheri Johnson,Johnson Associates,1389,PVC,Las Vegas,Nevada,2023-07-18
Jennifer Edwards,Edwards Roofing,4872,Built-up,Henderson,Nevada,2023-06-23
Krista Levy,Levy Restoration,3284,Built-up,Rochester,New York,2024-12-11
Dana Harper,Harper Works,9950,Metal,San Jose,California,2024-01-30
Amanda Wilson,Wilson Infrastructure,6493,Built-up,Albany,New York,2023-12-24
Scott Blackburn,Blackburn Solutions,8085,Built-up,Bellevue,Washington,2025-02-27
Michael Maldonado,Maldonado Partners,2932,PVC,Henderson,Nevada,2025-03-31
Jessica Lewis,Lewis Holdings,5303,EPDM,New York City,New York,2023-04-17
Matthew Howard,Howard Corp.,5889,TPO,Denver,Colorado,2023-09-16
Tamara Wiley,Wiley Industries,9284,Built-up,Macon,Georgia,2024-05-18
Kristin Martin,Martin Maintenance,1457,TPO,Phoenix,Arizona,2024-10-10
Phillip Mcbride,Mcbride Corp.,5094,PVC,San Antonio,Texas,2024-10-09
Richard Powell,Powell Maintenance,8469,TPO,Orlando,Florida,2024-09-26
Daniel Briggs,Briggs Works,8505,Foam,Jacksonville,Florida,2025-01-11
Mark Woods,Woods Works,9771,Modified Bitumen,Henderson,Nevada,2023-07-30
David Morris,Morris Renovations,1065,Modified Bitumen,San Diego,California,2023-04-25
Bradley Smith,Smith Construction,8233,EPDM,Rochester,New York,2024-12-04
Tanya Brooks,Brooks Partners,2405,Metal,Springfield,Illinois,2025-04-07
Michael Cooper,Cooper Roofing,8602,Modified Bitumen,Tampa,Florida,2024-02-05
Tanner Nguyen,Nguyen Renovations,1114,Foam,Buffalo,New York,2024-08-29
Gary Smith,Smith Restoration,3872,Foam,Reno,Nevada,2023-05-15
James Munoz,Munoz Enterprises,2046,EPDM,Atlanta,Georgia,2023-04-21
Gary Moore,Moore Maintenance,2836,Built-up,New York City,New York,2023-04-26
Jonathan Perkins,Perkins Associates,6493,EPDM,Los Angeles,California,2025-03-08
James Martinez,Martinez Partners,4783,Built-up,San Diego,California,2024-05-12
Anne Davis,Davis Design Group,9029,Foam,Seattle,Washington,2025-02-17
James Barnes,Barnes Innovations,3846,PVC,Augusta,Georgia,2023-07-23
Melissa Martin,Martin Co.,3798,Metal,Albany,New York,2023-09-29
Tony Lynch,Lynch Developers,6184,Foam,Naperville,Illinois,2024-01-28
Michael Hodges,Hodges Builders,3760,Metal,Orlando,Florida,2024-01-29
Amanda Kane,Kane Developers,2325,Foam,Tucson,Arizona,2025-03-27
James Hernandez,Hernandez Group,6860,TPO,Albany,New York,2024-06-06
Janet Cantu,Cantu Co.,2951,Metal,San Antonio,Texas,2025-02-23
Daniel Conley,Conley Corp.,3992,Modified Bitumen,Boulder,Colorado,2024-10-15
Daniel Petersen,Petersen Construction,891,PVC,Boulder,Colorado,2024-06-15
Jill Alvarez,Alvarez Restoration,3456,TPO,Tacoma,Washington,2025-03-20
Ariana Burnett,Burnett Roofing,8476,Modified Bitumen,Las Vegas,Nevada,2024-11-29
John Richard,Richard Solutions,1232,EPDM,Los Angeles,California,2024-06-29
Michele Goodwin,Goodwin Group,6955,Metal,Scottsdale,Arizona,2025-03-07
Colleen Simmons,Simmons Developers,8607,EPDM,Phoenix,Arizona,2023-06-20
Christopher Lambert,Lambert Maintenance,1484,Modified Bitumen,Houston,Texas,2025-01-13
Jennifer Christian,Christian Roof Tech,7286,Modified Bitumen,Reno,Nevada,2024-11-11
Sean Diaz,Diaz Maintenance,7660,PVC,Savannah,Georgia,2023-09-19
Jennifer Patton,Patton Infrastructure,8246,TPO,Atlanta,Georgia,2024-11-10
Catherine Smith,Smith Group,9611,Modified Bitumen,Fresno,California,2024-07-23
Larry Warren,Warren Roof Tech,7095,EPDM,Seattle,Washington,2023-05-22
Tony Kent,Kent Builders,2222,Built-up,Scottsdale,Arizona,2023-07-24
Francisco Molina,Molina Industries,8659,PVC,Reno,Nevada,2024-10-14
Katie Rowe,Rowe Innovations,2372,Modified Bitumen,Henderson,Nevada,2024-01-12
Destiny West,West Design Group,3549,TPO,Naperville,Illinois,2025-03-14
Pamela Gibbs,Gibbs Projects,2049,PVC,Denver,Colorado,2023-04-22
Sean Olsen,Olsen Roofing,5989,TPO,Orlando,Florida,2024-10-30
Becky Dixon,Dixon Builders,7302,PVC,Dallas,Texas,2023-05-06
Cody Sanchez,Sanchez Corp.,3669,Modified Bitumen,Henderson,Nevada,2025-03-02
David Fernandez,Fernandez Builders,8881,Foam,Tacoma,Washington,2023-08-30
Alexis Lee,Lee Group,8905,Metal,Buffalo,New York,2024-10-14
Bradley Thomas,Thomas Systems,3820,EPDM,Chicago,Illinois,2024-06-14
Thomas Morton,Morton Industries,8443,Foam,Tampa,Florida,2024-10-14
Kimberly Ortiz,Ortiz Corp.,3831,PVC,Reno,Nevada,2024-03-26
Karen Turner,Turner Solutions,3385,Metal,Jacksonville,Florida,2023-09-12
Alicia Escobar,Escobar Works,7799,Modified Bitumen,Naperville,Illinois,2023-09-18
Benjamin Taylor,Taylor Developers,7365,TPO,Albany,New York,2023-06-30
Justin Landry,Landry Construction,6346,Built-up,Boulder,Colorado,2025-01-05
Joseph Johnson,Johnson Engineering,1406,Modified Bitumen,Seattle,Washington,2024-06-12
Daniel Moore,Moore Contractors,1682,Foam,San Diego,California,2023-09-14
Tonya Johnson,Johnson Corp.,1960,TPO,San Antonio,Texas,2024-05-12
Phillip Suarez,Suarez Associates,2725,Metal,Dallas,Texas,2023-12-22
Crystal Torres,Torres Restoration,5695,Metal,Orlando,Florida,2023-10-11
Morgan Rios,Rios Restoration,2553,EPDM,Henderson,Nevada,2024-09-09
Erica Johnson,Johnson Roofing,9094,PVC,Sacramento,California,2023-12-21
Nicholas Mahoney,Mahoney Engineering,8833,Modified Bitumen,Tampa,Florida,2023-08-02
Madison Mendoza,Mendoza Industries,3446,Foam,Boulder,Colorado,2025-03-21
Kim Lewis,Lewis Roofing,6380,PVC,Henderson,Nevada,2025-01-29
William Fitzpatrick,Fitzpatrick Co.,992,Built-up,Phoenix,Arizona,2024-12-24
Ashley Gentry,Gentry Systems,7689,PVC,Colorado Springs,Colorado,2023-10-07
Pamela Cobb,Cobb Builders,9914,Metal,Naperville,Illinois,2025-03-04
Kristy Shaw,Shaw Construction,5565,PVC,Bellevue,Washington,2024-07-28
Cassandra Hill,Hill Works,5883,EPDM,Las Vegas,Nevada,2025-03-13
Sierra Lawrence,Lawrence Construction,7204,Modified Bitumen,Albany,New York,2023-11-05
Matthew Davis,Davis Systems,8284,Modified Bitumen,Sacramento,California,2024-10-20
Zachary Baldwin,Baldwin Industries,6586,TPO,Fort Worth,Texas,2024-12-13
Lisa Williams,Williams Systems,5760,Modified Bitumen,Naperville,Illinois,2023-12-29
Michelle Lynch,Lynch Holdings,5272,Modified Bitumen,Savannah,Georgia,2023-11-01
Sharon Jones,Jones Roof Tech,3777,Foam,Albany,New York,2025-02-10
Christopher Roberts,Roberts Co.,9303,Modified Bitumen,Orlando,Florida,2023-10-14
Melissa Phillips,Phillips Design Group,7980,Metal,Seattle,Washington,2024-11-24
Erik Jones,Jones Associates,6962,Built-up,Sacramento,California,2024-09-09
Patrick Garcia,Garcia Systems,1953,EPDM,Las Vegas,Nevada,2024-02-29
Cynthia Anderson,Anderson Maintenance,6594,TPO,Reno,Nevada,2024-01-26
Matthew Morrison,Morrison Enterprises,7783,Foam,Atlanta,Georgia,2025-01-02
Kimberly Key,Key Roof Tech,6933,Modified Bitumen,Tucson,Arizona,2023-04-22
Christine Dixon,Dixon Works,2322,EPDM,Springfield,Illinois,2023-08-04
Dorothy Rogers,Rogers Holdings,5782,PVC,Augusta,Georgia,2024-09-11
Thomas Wright,Wright Maintenance,822,Metal,Chicago,Illinois,2024-11-11
Jessica Kelley,Kelley Works,1758,Built-up,Spokane,Washington,2024-05-31
Samantha Dixon,Dixon Holdings,3661,Foam,Colorado Springs,Colorado,2024-11-11
Adam Ward,Ward Solutions,8163,Modified Bitumen,Miami,Florida,2024-05-16
Angela Adams,Adams Holdings,9573,Foam,Spokane,Washington,2025-01-18
Jon Allen,Allen Industries,5008,Modified Bitumen,San Antonio,Texas,2024-11-24
Angela Pacheco,Pacheco Corp.,1581,Foam,Augusta,Georgia,2024-11-17
Melvin Miller,Miller Partners,6571,Foam,St. Petersburg,Florida,2024-02-23
Adrian White,White Systems,3180,TPO,Los Angeles,California,2025-01-05
Aaron Nguyen,Nguyen Projects,3448,TPO,Houston,Texas,2025-03-26
Cindy Hoffman,Hoffman Roof Tech,7762,Metal,Sacramento,California,2024-06-17
Caitlin Cook,Cook Systems,6851,Foam,Las Vegas,Nevada,2024-12-11
Jennifer Obrien,Obrien Restoration,9691,Modified Bitumen,Boulder,Colorado,2023-09-05
Michael Chapman,Chapman Roof Tech,3396,Built-up,Fort Worth,Texas,2023-05-26
Stephen Murphy,Murphy Enterprises,9679,Modified Bitumen,Atlanta,Georgia,2024-11-23
Mary Taylor,Taylor Partners,2504,Foam,Chicago,Illinois,2024-03-19
Hannah Hayes,Hayes Corp.,4683,Built-up,Savannah,Georgia,2024-11-18
Cathy Weber,Weber Renovations,8587,Foam,Henderson,Nevada,2024-09-24
Benjamin Foster,Foster Industries,8545,PVC,Tampa,Florida,2023-11-04
Michelle Whitehead,Whitehead Builders,7021,TPO,Dallas,Texas,2024-06-18
Christopher Hobbs,Hobbs Contractors,9442,Metal,Seattle,Washington,2023-05-22
Timothy Mahoney,Mahoney Co.,1574,TPO,Henderson,Nevada,2024-02-06
Donald Black,Black Enterprises,1748,Metal,Augusta,Georgia,2025-02-28
Teresa Young,Young Group,2454,Metal,Albany,New York,2024-06-30
Dwayne Brown,Brown Renovations,9889,TPO,Orlando,Florida,2023-06-11
Carly Matthews,Matthews Co.,9957,EPDM,Boulder,Colorado,2024-02-24
Paula Bradshaw,Bradshaw Maintenance,2281,PVC,Reno,Nevada,2024-07-08
Karen Calderon,Calderon Design Group,1673,EPDM,Colorado Springs,Colorado,2024-05-15
Zachary Anderson,Anderson Contractors,3707,Built-up,Scottsdale,Arizona,2024-09-05
Christian Miller,Miller Construction,1824,Built-up,Tampa,Florida,2023-07-22
Amanda Miller,Miller Industries,1601,Metal,St. Petersburg,Florida,2025-04-07
Johnny Baker,Baker Group,5973,Modified Bitumen,Tucson,Arizona,2024-01-24
Madeline Garza,Garza Design Group,8437,Foam,Tempe,Arizona,2024-10-15
John Melendez,Melendez Solutions,8999,Metal,Seattle,Washington,2024-01-10
Emily Pearson,Pearson Partners,2338,PVC,Buffalo,New York,2023-09-15
Matthew Daniels,Daniels Systems,2211,Modified Bitumen,Naperville,Illinois,2023-05-08
Kelly Hess,Hess Engineering,2994,Foam,Springfield,Illinois,2024-04-23
Christy Johnson,Johnson Associates,816,EPDM,Austin,Texas,2023-09-01
Corey Brown,Brown Renovations,1965,TPO,Fort Worth,Texas,2024-07-02
Shawn Rodriguez,Rodriguez Industries,7795,Built-up,Scottsdale,Arizona,2023-10-02
Joshua Irwin,Irwin Co.,2126,EPDM,Henderson,Nevada,2023-10-15
Tara Petty,Petty Renovations,5003,Built-up,Denver,Colorado,2024-01-30
Gary Holmes,Holmes Construction,2162,Modified Bitumen,Reno,Nevada,2023-09-24
Donna Reed,Reed Co.,5610,TPO,Spokane,Washington,2024-02-03
Susan Howard,Howard Partners,8583,Metal,Chicago,Illinois,2024-12-18
Benjamin Davidson,Davidson Renovations,8454,Metal,Colorado Springs,Colorado,2023-05-10
Jorge Francis,Francis Restoration,9060,Metal,Macon,Georgia,2023-09-05
Shawn Anderson,Anderson Corp.,5196,EPDM,San Diego,California,2023-10-19
Pamela Bass,Bass Roof Tech,6441,Metal,Scottsdale,Arizona,2023-10-29
Phillip Cole,Cole Engineering,8465,EPDM,Boulder,Colorado,2024-07-29
Edgar Buck,Buck Systems,858,EPDM,Jacksonville,Florida,2024-02-15
Kristina Benson,Benson Systems,5865,Foam,Sacramento,California,2024-10-26
Stephen Hall,Hall Holdings,6513,Metal,Houston,Texas,2024-04-30
Benjamin Jimenez,Jimenez Design Group,8568,EPDM,St. Petersburg,Florida,2024-01-02
Jason Brown,Brown Industries,8662,Built-up,Buffalo,New York,2024-08-20
Catherine Church,Church Infrastructure,4812,TPO,Henderson,Nevada,2023-12-23
Amanda Benton,Benton Associates,4331,EPDM,Tampa,Florida,2024-01-12
James Alvarez,Alvarez Design Group,3736,Modified Bitumen,Seattle,Washington,2024-03-21
Christopher Sherman,Sherman Co.,2318,Built-up,Chicago,Illinois,2024-10-20
Gwendolyn Parker,Parker Roof Tech,6331,Modified Bitumen,Mesa,Arizona,2025-02-17
Jacob Rowe,Rowe Developers,1833,Metal,San Antonio,Texas,2025-01-17
